<?xml version="1.0" encoding="UTF-8"?>
<gesmes:Envelope xmlns:gesmes="http://www.gesmes.org/xml/2002-08-01" xmlns="http://www.ecb.int/vocabulary/2002-08-01/eurofxref">
	<gesmes:subject>Reference rates</gesmes:subject>
	<gesmes:Sender>
		<gesmes:name>European Central Bank</gesmes:name>
	</gesmes:Sender>
	<Cube>
		<Cube time='2022-12-30'>
			<Cube currency='USD' rate='1.0666'/>
			<Cube currency='JPY' rate='140.66'/>
			<Cube currency='BGN' rate='1.9558'/>
			<Cube currency='CZK' rate='24.116'/>
			<Cube currency='DKK' rate='7.4365'/>
			<Cube currency='GBP' rate='0.88693'/>
			<Cube currency='HUF' rate='400.87'/>
			<Cube currency='PLN' rate='4.6808'/>
			<Cube currency='RON' rate='4.9495'/>
			<Cube currency='SEK' rate='11.1218'/>
			<Cube currency='CHF' rate='0.9847'/>
			<Cube currency='ISK' rate='151.50'/>
			<Cube currency='NOK' rate='10.5138'/>
			<Cube currency='HRK' rate='7.5365'/>
			<Cube currency='TRY' rate='19.9649'/>
			<Cube currency='AUD' rate='1.5693'/>
			<Cube currency='BRL' rate='5.6386'/>
			<Cube currency='CAD' rate='1.4440'/>
			<Cube currency='CNY' rate='7.3582'/>
			<Cube currency='HKD' rate='8.3163'/>
			<Cube currency='IDR' rate='16519.82'/>
			<Cube currency='ILS' rate='3.7554'/>
			<Cube currency='INR' rate='88.1710'/>
			<Cube currency='KRW' rate='1344.09'/>
			<Cube currency='MXN' rate='20.8560'/>
			<Cube currency='MYR' rate='4.6984'/>
			<Cube currency='NZD' rate='1.6798'/>
			<Cube currency='PHP' rate='59.320'/>
			<Cube currency='SGD' rate='1.4300'/>
			<Cube currency='THB' rate='36.835'/>
			<Cube currency='ZAR' rate='18.0986'/>
		</Cube>
	</Cube>
</gesmes:Envelope>