<?xml version="1.0" encoding="UTF-8"?>
<QALCULATE version="2.9.0">
  <object symbol="H" number="1">
    <name>Hydrogen</name>
    <name xml:lang="es">Hidrógeno</name>
    <name xml:lang="fr">Hydrogène</name>
    <name xml:lang="nl">Waterstof</name>
    <name xml:lang="ru">Водород</name>
    <name xml:lang="sv">Väte</name>
    <name xml:lang="zh_CN">氢</name>
    <class>9</class>
    <weight>[1.00784, 1.00811]</weight>
    <boiling>20.271</boiling>
    <melting>13.99</melting>
    <density>8.988E-5</density>
    <x_pos>1</x_pos>
    <y_pos>1</y_pos>
  </object>
  <object symbol="He" number="2">
    <name>Helium</name>
    <name xml:lang="es">Helio</name>
    <name xml:lang="fr">Hélium</name>
    <name xml:lang="ru">Гелий</name>
    <name xml:lang="zh_CN">氦</name>
    <class>10</class>
    <weight>4.002602(2)</weight>
    <boiling>4.222</boiling>
    <melting>0.95</melting>
    <density>1.786E-4</density>
    <x_pos>18</x_pos>
    <y_pos>1</y_pos>
  </object>
  <object symbol="Li" number="3">
    <name>Lithium</name>
    <name xml:lang="es">Litio</name>
    <name xml:lang="ru">Литий</name>
    <name xml:lang="sv">Litium</name>
    <name xml:lang="zh_CN">锂</name>
    <class>1</class>
    <weight>[6.938, 6.997] </weight>
    <boiling>1603</boiling>
    <melting>453.65</melting>
    <density>0.534</density>
    <x_pos>1</x_pos>
    <y_pos>2</y_pos>
  </object>
  <object symbol="Be" number="4">
    <name>Beryllium</name>
    <name xml:lang="es">Berilio</name>
    <name xml:lang="fr">Béryllium</name>
    <name xml:lang="ru">Бериллий</name>
    <name xml:lang="zh_CN">铍</name>
    <class>2</class>
    <weight>9.0121831(5)</weight>
    <boiling>2742</boiling>
    <melting>1560</melting>
    <density>1.85</density>
    <x_pos>2</x_pos>
    <y_pos>2</y_pos>
  </object>
  <object symbol="B" number="5">
    <name>Boron</name>
    <name xml:lang="es">Boro</name>
    <name xml:lang="fr">Bore</name>
    <name xml:lang="nl">Boor</name>
    <name xml:lang="ru">Бор</name>
    <name xml:lang="sv">Bor</name>
    <name xml:lang="zh_CN">硼</name>
    <class>7</class>
    <weight>[10.806, 10.821]</weight>
    <boiling>4200</boiling>
    <melting>2349</melting>
    <density>2.35</density>
    <x_pos>13</x_pos>
    <y_pos>2</y_pos>
  </object>
  <object symbol="C" number="6">
    <name>Carbon</name>
    <name xml:lang="es">Carbono</name>
    <name xml:lang="fr">Carbone</name>
    <name xml:lang="nl">Koolstof</name>
    <name xml:lang="ru">Углерод</name>
    <name xml:lang="sv">Kol</name>
    <name xml:lang="zh_CN">碳</name>
    <class>8</class>
    <weight>[12.0096, 12.0116]</weight>
    <density>2.266</density>
    <x_pos>14</x_pos>
    <y_pos>2</y_pos>
  </object>
  <object symbol="N" number="7">
    <name>Nitrogen</name>
    <name xml:lang="es">Nitrógeno</name>
    <name xml:lang="fr">Azote</name>
    <name xml:lang="nl">Stikstof</name>
    <name xml:lang="ru">Азот</name>
    <name xml:lang="sv">Kväve</name>
    <name xml:lang="zh_CN">氮</name>
    <class>9</class>
    <weight>[14.00643, 14.00728]</weight>
    <boiling>77.355</boiling>
    <melting>63.15</melting>
    <density>1.2504E-3</density>
    <x_pos>15</x_pos>
    <y_pos>2</y_pos>
  </object>
  <object symbol="O" number="8">
    <name>Oxygen</name>
    <name xml:lang="es">Oxígeno</name>
    <name xml:lang="fr">Oxygène</name>
    <name xml:lang="nl">Zuurstof</name>
    <name xml:lang="ru">Кислород</name>
    <name xml:lang="sv">Syre</name>
    <name xml:lang="zh_CN">氧</name>
    <class>9</class>
    <weight>[15.99903, 15.99977]</weight>
    <boiling>90.188</boiling>
    <melting>54.36</melting>
    <density>0.001429</density>
    <x_pos>16</x_pos>
    <y_pos>2</y_pos>
  </object>
  <object symbol="F" number="9">
    <name>Fluorine</name>
    <name xml:lang="es">Flúor</name>
    <name xml:lang="fr">Fluor</name>
    <name xml:lang="nl">Fluor</name>
    <name xml:lang="ru">Фтор</name>
    <name xml:lang="sv">Fluor</name>
    <name xml:lang="zh_CN">氟</name>
    <class>9</class>
    <weight>18.998403163(6)</weight>
    <boiling>85.03</boiling>
    <melting>53.48</melting>
    <density>0.001696</density>
    <x_pos>17</x_pos>
    <y_pos>2</y_pos>
  </object>
  <object symbol="Ne" number="10">
    <name>Neon</name>
    <name xml:lang="es">Neón</name>
    <name xml:lang="fr">Néon</name>
    <name xml:lang="ru">Неон</name>
    <name xml:lang="zh_CN">氖</name>
    <class>10</class>
    <weight>20.1797(6)</weight>
    <boiling>27.104</boiling>
    <melting>24.56</melting>
    <density>0.0009002</density>
    <x_pos>18</x_pos>
    <y_pos>2</y_pos>
  </object>
  <object symbol="Na" number="11">
    <name>Sodium</name>
    <name xml:lang="es">Sodio</name>
    <name xml:lang="nl">Natrium</name>
    <name xml:lang="ru">Натрий</name>
    <name xml:lang="sv">Natrium</name>
    <name xml:lang="zh_CN">钠</name>
    <class>1</class>
    <weight>22.98976928(2)</weight>
    <boiling>1156.090</boiling>
    <melting>370.944</melting>
    <density>0.968</density>
    <x_pos>1</x_pos>
    <y_pos>3</y_pos>
  </object>
  <object symbol="Mg" number="12">
    <name>Magnesium</name>
    <name xml:lang="es">Magnesio</name>
    <name xml:lang="fr">Magnésium</name>
    <name xml:lang="ru">Магний</name>
    <name xml:lang="zh_CN">镁</name>
    <class>2</class>
    <weight>[24.304, 24.307]</weight>
    <boiling>1363</boiling>
    <melting>923</melting>
    <density>1.738</density>
    <x_pos>2</x_pos>
    <y_pos>3</y_pos>
  </object>
  <object symbol="Al" number="13">
    <name>Aluminum</name>
    <name xml:lang="es">Aluminio</name>
    <name xml:lang="nl">Aluminium</name>
    <name xml:lang="ru">Алюминий</name>
    <name xml:lang="sv">Aluminium</name>
    <name xml:lang="zh_CN">铝</name>
    <class>6</class>
    <weight>26.9815384(3)</weight>
    <boiling>2743</boiling>
    <melting>933.47</melting>
    <density>2.70</density>
    <x_pos>13</x_pos>
    <y_pos>3</y_pos>
  </object>
  <object symbol="Si" number="14">
    <name>Silicon</name>
    <name xml:lang="es">Silicio</name>
    <name xml:lang="fr">Silicium</name>
    <name xml:lang="nl">Silicium</name>
    <name xml:lang="ru">Кремний</name>
    <name xml:lang="sv">Kisel</name>
    <name xml:lang="zh_CN">硅</name>
    <class>7</class>
    <weight>[28.084, 28.086]</weight>
    <boiling>3538</boiling>
    <melting>1687</melting>
    <density>2.3290</density>
    <x_pos>14</x_pos>
    <y_pos>3</y_pos>
  </object>
  <object symbol="P" number="15">
    <name>Phosphorus</name>
    <name xml:lang="es">Fósforo</name>
    <name xml:lang="fr">Phosphore</name>
    <name xml:lang="nl">Fosfor</name>
    <name xml:lang="ru">Фосфор</name>
    <name xml:lang="sv">Fosfor</name>
    <name xml:lang="zh_CN">磷</name>
    <class>8</class>
    <weight>30.973761998(5)</weight>
    <boiling>553.7</boiling>
    <melting>317.3</melting>
    <density>1.823</density>
    <x_pos>15</x_pos>
    <y_pos>3</y_pos>
  </object>
  <object symbol="S" number="16">
    <name>Sulfur</name>
    <name xml:lang="es">Azufre</name>
    <name xml:lang="fr">Soufre</name>
    <name xml:lang="nl">Zwavel</name>
    <name xml:lang="ru">Сера</name>
    <name xml:lang="sv">Svavel</name>
    <name xml:lang="zh_CN">硫</name>
    <class>8</class>
    <weight>[32.059, 32.076]</weight>
    <boiling>717.8</boiling>
    <melting>388.36</melting>
    <density>2.07</density>
    <x_pos>16</x_pos>
    <y_pos>3</y_pos>
  </object>
  <object symbol="Cl" number="17">
    <name>Chlorine</name>
    <name xml:lang="es">Cloro</name>
    <name xml:lang="fr">Chlore</name>
    <name xml:lang="nl">Chloor</name>
    <name xml:lang="ru">Хлор</name>
    <name xml:lang="sv">Klor</name>
    <name xml:lang="zh_CN">氯</name>
    <class>9</class>
    <weight>[35.446, 35.457]</weight>
    <boiling>239.11</boiling>
    <melting>171.6</melting>
    <density>0.0032</density>
    <x_pos>17</x_pos>
    <y_pos>3</y_pos>
  </object>
  <object symbol="Ar" number="18">
    <name>Argon</name>
    <name xml:lang="es">Argón</name>
    <name xml:lang="ru">Аргон</name>
    <name xml:lang="zh_CN">氩</name>
    <class>10</class>
    <weight>[39.792, 39.963]</weight>
    <boiling>87.302</boiling>
    <melting>83.81</melting>
    <density>0.001784</density>
    <x_pos>18</x_pos>
    <y_pos>3</y_pos>
  </object>
  <object symbol="K" number="19">
    <name>Potassium</name>
    <name xml:lang="es">Potasio</name>
    <name xml:lang="nl">Kalium</name>
    <name xml:lang="ru">Калий</name>
    <name xml:lang="sv">Kalium</name>
    <name xml:lang="zh_CN">钾</name>
    <class>1</class>
    <weight>39.0983(1)</weight>
    <boiling>1032</boiling>
    <melting>336.7</melting>
    <density>0.862</density>
    <x_pos>1</x_pos>
    <y_pos>4</y_pos>
  </object>
  <object symbol="Ca" number="20">
    <name>Calcium</name>
    <name xml:lang="es">Calcio</name>
    <name xml:lang="ru">Кальций</name>
    <name xml:lang="sv">Kalcium</name>
    <name xml:lang="zh_CN">钙</name>
    <class>2</class>
    <weight>40.078(4)</weight>
    <boiling>1757</boiling>
    <melting>1115</melting>
    <density>1.55</density>
    <x_pos>2</x_pos>
    <y_pos>4</y_pos>
  </object>
  <object symbol="Sc" number="21">
    <name>Scandium</name>
    <name xml:lang="es">Escandio</name>
    <name xml:lang="ru">Скандий</name>
    <name xml:lang="sv">Skandium</name>
    <name xml:lang="zh_CN">钪</name>
    <class>5</class>
    <weight>44.955908(5)</weight>
    <boiling>3109</boiling>
    <melting>1814</melting>
    <density>2.985</density>
    <x_pos>3</x_pos>
    <y_pos>4</y_pos>
  </object>
  <object symbol="Ti" number="22">
    <name>Titanium</name>
    <name xml:lang="es">Titanio</name>
    <name xml:lang="fr">Titane</name>
    <name xml:lang="nl">Titaan</name>
    <name xml:lang="ru">Титан</name>
    <name xml:lang="sv">Titan</name>
    <name xml:lang="zh_CN">钛</name>
    <class>5</class>
    <weight>47.867(1)</weight>
    <boiling>3560</boiling>
    <melting>1941</melting>
    <density>4.506</density>
    <x_pos>4</x_pos>
    <y_pos>4</y_pos>
  </object>
  <object symbol="V" number="23">
    <name>Vanadium</name>
    <name xml:lang="es">Vanadio</name>
    <name xml:lang="ru">Ванадий</name>
    <name xml:lang="sv">Vanadin</name>
    <name xml:lang="zh_CN">钒</name>
    <class>5</class>
    <weight>50.9415(1)</weight>
    <boiling>3680</boiling>
    <melting>2183</melting>
    <density>6.0</density>
    <x_pos>5</x_pos>
    <y_pos>4</y_pos>
  </object>
  <object symbol="Cr" number="24">
    <name>Chromium</name>
    <name xml:lang="es">Cromo</name>
    <name xml:lang="fr">Chrome</name>
    <name xml:lang="nl">Chroom</name>
    <name xml:lang="ru">Хром</name>
    <name xml:lang="sv">Krom</name>
    <name xml:lang="zh_CN">铬</name>
    <class>5</class>
    <weight>51.9961(6)</weight>
    <boiling>2944</boiling>
    <melting>2180</melting>
    <density>7.19</density>
    <x_pos>6</x_pos>
    <y_pos>4</y_pos>
  </object>
  <object symbol="Mn" number="25">
    <name>Manganese</name>
    <name xml:lang="es">Manganeso</name>
    <name xml:lang="fr">Manganèse</name>
    <name xml:lang="nl">Mangaan</name>
    <name xml:lang="ru">Марганец</name>
    <name xml:lang="sv">Mangan</name>
    <name xml:lang="zh_CN">锰</name>
    <class>5</class>
    <weight>54.938043(2)</weight>
    <boiling>2334</boiling>
    <melting>1519</melting>
    <density>7.21</density>
    <x_pos>7</x_pos>
    <y_pos>4</y_pos>
  </object>
  <object symbol="Fe" number="26">
    <name>Iron</name>
    <name xml:lang="es">Hierro</name>
    <name xml:lang="fr">Fer</name>
    <name xml:lang="nl">IJzer</name>
    <name xml:lang="ru">Железо</name>
    <name xml:lang="sv">Järn</name>
    <name xml:lang="zh_CN">铁</name>
    <class>5</class>
    <weight>55.845(2)</weight>
    <boiling>3134</boiling>
    <melting>1811</melting>
    <density>7.874</density>
    <x_pos>8</x_pos>
    <y_pos>4</y_pos>
  </object>
  <object symbol="Co" number="27">
    <name>Cobalt</name>
    <name xml:lang="es">Cobalto</name>
    <name xml:lang="nl">Kobalt</name>
    <name xml:lang="ru">Кобальт</name>
    <name xml:lang="sv">Kobolt</name>
    <name xml:lang="zh_CN">钴</name>
    <class>5</class>
    <weight>58.933194(3)</weight>
    <boiling>3200</boiling>
    <melting>1768</melting>
    <density>8.90</density>
    <x_pos>9</x_pos>
    <y_pos>4</y_pos>
  </object>
  <object symbol="Ni" number="28">
    <name>Nickel</name>
    <name xml:lang="es">Níquel</name>
    <name xml:lang="nl">Nikkel</name>
    <name xml:lang="ru">Никель</name>
    <name xml:lang="zh_CN">镍</name>
    <class>5</class>
    <weight>58.6934(4)</weight>
    <boiling>3003</boiling>
    <melting>1728</melting>
    <density>8.908</density>
    <x_pos>10</x_pos>
    <y_pos>4</y_pos>
  </object>
  <object symbol="Cu" number="29">
    <name>Copper</name>
    <name xml:lang="es">Cobre</name>
    <name xml:lang="fr">Cuivre</name>
    <name xml:lang="nl">Koper</name>
    <name xml:lang="ru">Медь</name>
    <name xml:lang="sv">Koppar</name>
    <name xml:lang="zh_CN">铜</name>
    <class>5</class>
    <weight>63.546(3)</weight>
    <boiling>2835</boiling>
    <melting>1357.77</melting>
    <density>8.96</density>
    <x_pos>11</x_pos>
    <y_pos>4</y_pos>
  </object>
  <object symbol="Zn" number="30">
    <name>Zinc</name>
    <name xml:lang="nl">Zink</name>
    <name xml:lang="ru">Цинк</name>
    <name xml:lang="sv">Zink</name>
    <name xml:lang="zh_CN">锌</name>
    <class>5</class>
    <weight>65.38(2)</weight>
    <boiling>1180</boiling>
    <melting>692.68</melting>
    <density>7.14</density>
    <x_pos>12</x_pos>
    <y_pos>4</y_pos>
  </object>
  <object symbol="Ga" number="31">
    <name>Gallium</name>
    <name xml:lang="es">Galio</name>
    <name xml:lang="ru">Галлий</name>
    <name xml:lang="zh_CN">镓</name>
    <class>6</class>
    <weight>69.723(1)</weight>
    <boiling>2673</boiling>
    <melting>302.9146</melting>
    <density>5.91</density>
    <x_pos>13</x_pos>
    <y_pos>4</y_pos>
  </object>
  <object symbol="Ge" number="32">
    <name>Germanium</name>
    <name xml:lang="es">Germanio</name>
    <name xml:lang="ru">Германий</name>
    <name xml:lang="zh_CN">锗</name>
    <class>7</class>
    <weight>72.630(8)</weight>
    <boiling>3106</boiling>
    <melting>1211.40</melting>
    <density>5.323</density>
    <x_pos>14</x_pos>
    <y_pos>4</y_pos>
  </object>
  <object symbol="As" number="33">
    <name>Arsenic</name>
    <name xml:lang="es">Arsénico</name>
    <name xml:lang="nl">Arsenicum</name>
    <name xml:lang="ru">Мышьяк</name>
    <name xml:lang="sv">Arsenik</name>
    <name xml:lang="zh_CN">砷</name>
    <class>7</class>
    <weight>74.921595(6)</weight>
    <boiling>887</boiling>
    <melting>1090</melting>
    <density>5.727</density>
    <x_pos>15</x_pos>
    <y_pos>4</y_pos>
  </object>
  <object symbol="Se" number="34">
    <name>Selenium</name>
    <name xml:lang="es">Selenio</name>
    <name xml:lang="fr">Sélénium</name>
    <name xml:lang="ru">Селен</name>
    <name xml:lang="sv">Selen</name>
    <name xml:lang="zh_CN">硒</name>
    <class>8</class>
    <weight>78.971(8)</weight>
    <boiling>958</boiling>
    <melting>494</melting>
    <density>4.81</density>
    <x_pos>16</x_pos>
    <y_pos>4</y_pos>
  </object>
  <object symbol="Br" number="35">
    <name>Bromine</name>
    <name xml:lang="es">Bromo</name>
    <name xml:lang="fr">Brome</name>
    <name xml:lang="nl">Broom</name>
    <name xml:lang="ru">Бром</name>
    <name xml:lang="sv">Brom</name>
    <name xml:lang="zh_CN">溴</name>
    <class>9</class>
    <weight>[79.901, 79.907]</weight>
    <boiling>332.0</boiling>
    <melting>265.8</melting>
    <density>3.1028</density>
    <x_pos>17</x_pos>
    <y_pos>4</y_pos>
  </object>
  <object symbol="Kr" number="36">
    <name>Krypton</name>
    <name xml:lang="es">Kriptón</name>
    <name xml:lang="ru">Криптон</name>
    <name xml:lang="zh_CN">氪</name>
    <class>10</class>
    <weight>83.798(2)</weight>
    <boiling>119.93</boiling>
    <melting>115.78</melting>
    <density>0.003749</density>
    <x_pos>18</x_pos>
    <y_pos>4</y_pos>
  </object>
  <object symbol="Rb" number="37">
    <name>Rubidium</name>
    <name xml:lang="es">Rubidio</name>
    <name xml:lang="ru">Рубидий</name>
    <name xml:lang="zh_CN">铷</name>
    <class>1</class>
    <weight>85.4678(3)</weight>
    <boiling>961</boiling>
    <melting>312.45</melting>
    <density>1.532</density>
    <x_pos>1</x_pos>
    <y_pos>5</y_pos>
  </object>
  <object symbol="Sr" number="38">
    <name>Strontium</name>
    <name xml:lang="es">Estroncio</name>
    <name xml:lang="ru">Стронций</name>
    <name xml:lang="zh_CN">锶</name>
    <class>2</class>
    <weight>87.62(1)</weight>
    <boiling>1650</boiling>
    <melting>1050</melting>
    <density>2.64</density>
    <x_pos>2</x_pos>
    <y_pos>5</y_pos>
  </object>
  <object symbol="Y" number="39">
    <name>Yttrium</name>
    <name xml:lang="es">Ytrio</name>
    <name xml:lang="ru">Иттрий</name>
    <name xml:lang="zh_CN">钇</name>
    <class>5</class>
    <weight>88.90584(1)</weight>
    <boiling>3203</boiling>
    <melting>1799</melting>
    <density>4.472</density>
    <x_pos>3</x_pos>
    <y_pos>5</y_pos>
  </object>
  <object symbol="Zr" number="40">
    <name>Zirconium</name>
    <name xml:lang="es">Zirconio</name>
    <name xml:lang="ru">Цирконий</name>
    <name xml:lang="sv">Zirkonium</name>
    <name xml:lang="zh_CN">锆</name>
    <class>5</class>
    <weight>91.224(2)</weight>
    <boiling>4650</boiling>
    <melting>2128</melting>
    <density>6.52</density>
    <x_pos>4</x_pos>
    <y_pos>5</y_pos>
  </object>
  <object symbol="Nb" number="41">
    <name>Niobium</name>
    <name xml:lang="es">Niobio</name>
    <name xml:lang="ru">Ниобий</name>
    <name xml:lang="sv">Niob</name>
    <name xml:lang="zh_CN">铌</name>
    <class>5</class>
    <weight>92.90637(1)</weight>
    <boiling>5017</boiling>
    <melting>2750</melting>
    <density>8.57</density>
    <x_pos>5</x_pos>
    <y_pos>5</y_pos>
  </object>
  <object symbol="Mo" number="42">
    <name>Molybdenum</name>
    <name xml:lang="es">Molibdeno</name>
    <name xml:lang="fr">Molybdène</name>
    <name xml:lang="nl">Molybdeen</name>
    <name xml:lang="ru">Молибден</name>
    <name xml:lang="sv">Molybden</name>
    <name xml:lang="zh_CN">钼</name>
    <class>5</class>
    <weight>95.95(1)</weight>
    <boiling>4912</boiling>
    <melting>2896</melting>
    <density>10.28</density>
    <x_pos>6</x_pos>
    <y_pos>5</y_pos>
  </object>
  <object symbol="Tc" number="43">
    <name>Technetium</name>
    <name xml:lang="es">Tecnecio</name>
    <name xml:lang="fr">Technétium</name>
    <name xml:lang="ru">Технеций</name>
    <name xml:lang="sv">Teknetium</name>
    <name xml:lang="zh_CN">锝</name>
    <class>5</class>
    <weight>98</weight>
    <boiling>4538</boiling>
    <melting>2430</melting>
    <density>11</density>
    <x_pos>7</x_pos>
    <y_pos>5</y_pos>
  </object>
  <object symbol="Ru" number="44">
    <name>Ruthenium</name>
    <name xml:lang="es">Rutenio</name>
    <name xml:lang="ru">Рутений</name>
    <name xml:lang="sv">Rutenium</name>
    <name xml:lang="zh_CN">钌</name>
    <class>5</class>
    <weight>101.07(2)</weight>
    <boiling>4423</boiling>
    <melting>2607</melting>
    <density>12.45</density>
    <x_pos>8</x_pos>
    <y_pos>5</y_pos>
  </object>
  <object symbol="Rh" number="45">
    <name>Rhodium</name>
    <name xml:lang="es">Rodio</name>
    <name xml:lang="ru">Родий</name>
    <name xml:lang="sv">Rodium</name>
    <name xml:lang="zh_CN">铑</name>
    <class>5</class>
    <weight>102.90549(2)</weight>
    <boiling>3968</boiling>
    <melting>2237</melting>
    <density>12.41</density>
    <x_pos>9</x_pos>
    <y_pos>5</y_pos>
  </object>
  <object symbol="Pd" number="46">
    <name>Palladium</name>
    <name xml:lang="es">Paladio</name>
    <name xml:lang="ru">Палладий</name>
    <name xml:lang="zh_CN">钯</name>
    <class>5</class>
    <weight>106.42(1)</weight>
    <boiling>3236</boiling>
    <melting>1828.05</melting>
    <density>12.023</density>
    <x_pos>10</x_pos>
    <y_pos>5</y_pos>
  </object>
  <object symbol="Ag" number="47">
    <name>Silver</name>
    <name xml:lang="es">Plata</name>
    <name xml:lang="fr">Argent</name>
    <name xml:lang="nl">Zilver</name>
    <name xml:lang="ru">Серебро</name>
    <name xml:lang="zh_CN">银</name>
    <class>5</class>
    <weight>107.8682(2)</weight>
    <boiling>2435</boiling>
    <melting>1234.93</melting>
    <density>10.49</density>
    <x_pos>11</x_pos>
    <y_pos>5</y_pos>
  </object>
  <object symbol="Cd" number="48">
    <name>Cadmium</name>
    <name xml:lang="es">Cadmio</name>
    <name xml:lang="ru">Кадмий</name>
    <name xml:lang="sv">Kadmium</name>
    <name xml:lang="zh_CN">镉</name>
    <class>5</class>
    <weight>112.414(4)</weight>
    <boiling>1040</boiling>
    <melting>594.22</melting>
    <density>8.65</density>
    <x_pos>12</x_pos>
    <y_pos>5</y_pos>
  </object>
  <object symbol="In" number="49">
    <name>Indium</name>
    <name xml:lang="es">Indio</name>
    <name xml:lang="ru">Индий</name>
    <name xml:lang="zh_CN">铟</name>
    <class>6</class>
    <weight>114.818(1)</weight>
    <boiling>2345</boiling>
    <melting>429.7485</melting>
    <density>7.31</density>
    <x_pos>13</x_pos>
    <y_pos>5</y_pos>
  </object>
  <object symbol="Sn" number="50">
    <name>Tin</name>
    <name xml:lang="es">Estaño</name>
    <name xml:lang="fr">Étain</name>
    <name xml:lang="ru">Олово</name>
    <name xml:lang="sv">Tenn</name>
    <name xml:lang="zh_CN">锡</name>
    <class>6</class>
    <weight>118.710(7)</weight>
    <boiling>2875</boiling>
    <melting>505.08</melting>
    <density>7.265</density>
    <x_pos>14</x_pos>
    <y_pos>5</y_pos>
  </object>
  <object symbol="Sb" number="51">
    <name>Antimony</name>
    <name xml:lang="es">Antimonio</name>
    <name xml:lang="fr">Antimoine</name>
    <name xml:lang="nl">Antimoon</name>
    <name xml:lang="ru">Сурьма</name>
    <name xml:lang="sv">Antimon</name>
    <name xml:lang="zh_CN">锑</name>
    <class>7</class>
    <weight>121.760(1)</weight>
    <boiling>1908</boiling>
    <melting>903.78</melting>
    <density>6.697</density>
    <x_pos>15</x_pos>
    <y_pos>5</y_pos>
  </object>
  <object symbol="Te" number="52">
    <name>Tellurium</name>
    <name xml:lang="es">Teluro</name>
    <name xml:lang="fr">Tellure</name>
    <name xml:lang="nl">Telluur</name>
    <name xml:lang="ru">Теллур</name>
    <name xml:lang="sv">Tellur</name>
    <name xml:lang="zh_CN">碲</name>
    <class>7</class>
    <weight>127.60(3)</weight>
    <boiling>1261</boiling>
    <melting>722.66</melting>
    <density>6.24</density>
    <x_pos>16</x_pos>
    <y_pos>5</y_pos>
  </object>
  <object symbol="I" number="53">
    <name>Iodine</name>
    <name xml:lang="es">Yodo</name>
    <name xml:lang="fr">Iode</name>
    <name xml:lang="nl">Jood</name>
    <name xml:lang="ru">Йод</name>
    <name xml:lang="sv">Jod</name>
    <name xml:lang="zh_CN">碘</name>
    <class>9</class>
    <weight>126.90447(3)</weight>
    <boiling>457.4</boiling>
    <melting>386.85</melting>
    <density>4.933</density>
    <x_pos>17</x_pos>
    <y_pos>5</y_pos>
  </object>
  <object symbol="Xe" number="54">
    <name>Xenon</name>
    <name xml:lang="es">Xenón</name>
    <name xml:lang="fr">Xénon</name>
    <name xml:lang="ru">Ксенон</name>
    <name xml:lang="zh_CN">氙</name>
    <class>10</class>
    <weight>131.293(6)</weight>
    <boiling>165.051</boiling>
    <melting>161.40</melting>
    <density>0.005894</density>
    <x_pos>18</x_pos>
    <y_pos>5</y_pos>
  </object>
  <object symbol="Cs" number="55">
    <name>Cesium</name>
    <name xml:lang="es">Cesio</name>
    <name xml:lang="fr">Césium</name>
    <name xml:lang="ru">Цезий</name>
    <name xml:lang="zh_CN">铯</name>
    <class>1</class>
    <weight>132.90545196(6)</weight>
    <boiling>944</boiling>
    <melting>301.7</melting>
    <density>1.93</density>
    <x_pos>1</x_pos>
    <y_pos>6</y_pos>
  </object>
  <object symbol="Ba" number="56">
    <name>Barium</name>
    <name xml:lang="es">Bario</name>
    <name xml:lang="fr">Baryum</name>
    <name xml:lang="ru">Барий</name>
    <name xml:lang="zh_CN">钡</name>
    <class>2</class>
    <weight>137.327(7)</weight>
    <boiling>2118</boiling>
    <melting>1000</melting>
    <density>3.51</density>
    <x_pos>2</x_pos>
    <y_pos>6</y_pos>
  </object>
  <object symbol="La" number="57">
    <name>Lanthanum</name>
    <name xml:lang="es">Lantano</name>
    <name xml:lang="fr">Lanthane</name>
    <name xml:lang="nl">Lanthaan</name>
    <name xml:lang="ru">Лантан</name>
    <name xml:lang="sv">Lantan</name>
    <name xml:lang="zh_CN">镧</name>
    <class>3</class>
    <weight>138.90547(7)</weight>
    <boiling>3737</boiling>
    <melting>1193</melting>
    <density>6.162</density>
    <x_pos>3</x_pos>
    <y_pos>9</y_pos>
  </object>
  <object symbol="Ce" number="58">
    <name>Cerium</name>
    <name xml:lang="es">Cerio</name>
    <name xml:lang="fr">Cérium</name>
    <name xml:lang="ru">Церий</name>
    <name xml:lang="zh_CN">铈</name>
    <class>3</class>
    <weight>140.116(1)</weight>
    <boiling>3716</boiling>
    <melting>1068</melting>
    <density>6.770</density>
    <x_pos>4</x_pos>
    <y_pos>9</y_pos>
  </object>
  <object symbol="Pr" number="59">
    <name>Praseodymium</name>
    <name xml:lang="es">Praseodimio</name>
    <name xml:lang="fr">Praséodyme</name>
    <name xml:lang="ru">Празеодим</name>
    <name xml:lang="sv">Praseodym</name>
    <name xml:lang="zh_CN">镨</name>
    <class>3</class>
    <weight>140.90766(1)</weight>
    <boiling>3403</boiling>
    <melting>1208</melting>
    <density>6.77</density>
    <x_pos>5</x_pos>
    <y_pos>9</y_pos>
  </object>
  <object symbol="Nd" number="60">
    <name>Neodymium</name>
    <name xml:lang="es">Neodimio</name>
    <name xml:lang="fr">Néodyme</name>
    <name xml:lang="ru">Неодим</name>
    <name xml:lang="sv">Neodym</name>
    <name xml:lang="zh_CN">钕</name>
    <class>3</class>
    <weight>144.242(3)</weight>
    <boiling>3347</boiling>
    <melting>1297</melting>
    <density>7.01</density>
    <x_pos>6</x_pos>
    <y_pos>9</y_pos>
  </object>
  <object symbol="Pm" number="61">
    <name>Promethium</name>
    <name xml:lang="es">Prometio</name>
    <name xml:lang="fr">Prométhium</name>
    <name xml:lang="ru">Прометий</name>
    <name xml:lang="sv">Prometium</name>
    <name xml:lang="zh_CN">钷</name>
    <class>3</class>
    <weight>145</weight>
    <boiling>3273</boiling>
    <melting>1315</melting>
    <density>7.26</density>
    <x_pos>7</x_pos>
    <y_pos>9</y_pos>
  </object>
  <object symbol="Sm" number="62">
    <name>Samarium</name>
    <name xml:lang="es">Samario</name>
    <name xml:lang="ru">Самарий</name>
    <name xml:lang="zh_CN">钐</name>
    <class>3</class>
    <weight>150.36(2)</weight>
    <boiling>2173</boiling>
    <melting>1345</melting>
    <density>7.52</density>
    <x_pos>8</x_pos>
    <y_pos>9</y_pos>
  </object>
  <object symbol="Eu" number="63">
    <name>Europium</name>
    <name xml:lang="es">Europio</name>
    <name xml:lang="ru">Европий</name>
    <name xml:lang="zh_CN">铕</name>
    <class>3</class>
    <weight>151.964(1)</weight>
    <boiling>1802</boiling>
    <melting>1099</melting>
    <density>5.264</density>
    <x_pos>9</x_pos>
    <y_pos>9</y_pos>
  </object>
  <object symbol="Gd" number="64">
    <name>Gadolinium</name>
    <name xml:lang="es">Gadolinio</name>
    <name xml:lang="ru">Гадолиний</name>
    <name xml:lang="sv">Gadolinium guld</name>
    <name xml:lang="zh_CN">钆</name>
    <class>3</class>
    <weight>157.25(3)</weight>
    <boiling>3273</boiling>
    <melting>1585</melting>
    <density>7.90</density>
    <x_pos>10</x_pos>
    <y_pos>9</y_pos>
  </object>
  <object symbol="Tb" number="65">
    <name>Terbium</name>
    <name xml:lang="es">Terbio</name>
    <name xml:lang="ru">Тербий</name>
    <name xml:lang="zh_CN">铽</name>
    <class>3</class>
    <weight>158.925354(8)</weight>
    <boiling>3396</boiling>
    <melting>1629</melting>
    <density>8.23</density>
    <x_pos>11</x_pos>
    <y_pos>9</y_pos>
  </object>
  <object symbol="Dy" number="66">
    <name>Dysprosium</name>
    <name xml:lang="es">Disprosio</name>
    <name xml:lang="ru">Диспрозий</name>
    <name xml:lang="zh_CN">镝</name>
    <class>3</class>
    <weight>162.500(1)</weight>
    <boiling>2840</boiling>
    <melting>1680</melting>
    <density>8.540</density>
    <x_pos>12</x_pos>
    <y_pos>9</y_pos>
  </object>
  <object symbol="Ho" number="67">
    <name>Holmium</name>
    <name xml:lang="es">Holmio</name>
    <name xml:lang="ru">Гольмий</name>
    <name xml:lang="zh_CN">钬</name>
    <class>3</class>
    <weight>164.930328(7)</weight>
    <boiling>2873</boiling>
    <melting>1734</melting>
    <density>8.79</density>
    <x_pos>13</x_pos>
    <y_pos>9</y_pos>
  </object>
  <object symbol="Er" number="68">
    <name>Erbium</name>
    <name xml:lang="es">Erbio</name>
    <name xml:lang="ru">Эрбий</name>
    <name xml:lang="zh_CN">铒</name>
    <class>3</class>
    <weight>167.259(3)</weight>
    <boiling>3141</boiling>
    <melting>1802</melting>
    <density>9.066</density>
    <x_pos>14</x_pos>
    <y_pos>9</y_pos>
  </object>
  <object symbol="Tm" number="69">
    <name>Thulium</name>
    <name xml:lang="es">Tulio</name>
    <name xml:lang="ru">Тулий</name>
    <name xml:lang="sv">Tulium</name>
    <name xml:lang="zh_CN">铥</name>
    <class>3</class>
    <weight>168.934218(6)</weight>
    <boiling>2223</boiling>
    <melting>1818</melting>
    <density>9.32</density>
    <x_pos>15</x_pos>
    <y_pos>9</y_pos>
  </object>
  <object symbol="Yb" number="70">
    <name>Ytterbium</name>
    <name xml:lang="es">Yterbio</name>
    <name xml:lang="ru">Иттрий</name>
    <name xml:lang="zh_CN">镱</name>
    <class>3</class>
    <weight>173.045(10)</weight>
    <boiling>1469</boiling>
    <melting>1097</melting>
    <density>6.90</density>
    <x_pos>16</x_pos>
    <y_pos>9</y_pos>
  </object>
  <object symbol="Lu" number="71">
    <name>Lutetium</name>
    <name xml:lang="es">Lutecio</name>
    <name xml:lang="ru">Лютеций</name>
    <name xml:lang="zh_CN">镥</name>
    <class>3</class>
    <weight>174.9668(1)</weight>
    <boiling>3675</boiling>
    <melting>1925</melting>
    <density>9.841</density>
    <x_pos>3</x_pos>
    <y_pos>6</y_pos>
  </object>
  <object symbol="Hf" number="72">
    <name>Hafnium</name>
    <name xml:lang="es">Hafnio</name>
    <name xml:lang="ru">Гафний</name>
    <name xml:lang="zh_CN">铪</name>
    <class>5</class>
    <weight>178.49(2)</weight>
    <boiling>4876</boiling>
    <melting>2506</melting>
    <density>13.31</density>
    <x_pos>4</x_pos>
    <y_pos>6</y_pos>
  </object>
  <object symbol="Ta" number="73">
    <name>Tantalum</name>
    <name xml:lang="es">Tantalio</name>
    <name xml:lang="fr">Tantale</name>
    <name xml:lang="nl">Tantaal</name>
    <name xml:lang="ru">Тантал</name>
    <name xml:lang="sv">Tantal</name>
    <name xml:lang="zh_CN">钽</name>
    <class>5</class>
    <weight>180.94788(2)</weight>
    <boiling>5731</boiling>
    <melting>3290</melting>
    <density>16.69</density>
    <x_pos>5</x_pos>
    <y_pos>6</y_pos>
  </object>
  <object symbol="W" number="74">
    <name>Tungsten</name>
    <name xml:lang="es">Wolframio</name>
    <name xml:lang="fr">Tungstène</name>
    <name xml:lang="ru">Вольфрам</name>
    <name xml:lang="sv">Volfram</name>
    <name xml:lang="zh_CN">钨</name>
    <class>5</class>
    <weight>183.84(1)</weight>
    <boiling>6203</boiling>
    <melting>3695</melting>
    <density>19.3</density>
    <x_pos>6</x_pos>
    <y_pos>6</y_pos>
  </object>
  <object symbol="Re" number="75">
    <name>Rhenium</name>
    <name xml:lang="es">Renio</name>
    <name xml:lang="fr">Rhénium</name>
    <name xml:lang="ru">Рений</name>
    <name xml:lang="zh_CN">铼</name>
    <class>5</class>
    <weight>186.207(1)</weight>
    <boiling>5903</boiling>
    <melting>3459</melting>
    <density>21.02</density>
    <x_pos>7</x_pos>
    <y_pos>6</y_pos>
  </object>
  <object symbol="Os" number="76">
    <name>Osmium</name>
    <name xml:lang="es">Osmio</name>
    <name xml:lang="ru">Осмий</name>
    <name xml:lang="zh_CN">锇</name>
    <class>5</class>
    <weight>190.23(3)</weight>
    <boiling>5285</boiling>
    <melting>3306</melting>
    <density>22.59</density>
    <x_pos>8</x_pos>
    <y_pos>6</y_pos>
  </object>
  <object symbol="Ir" number="77">
    <name>Iridium</name>
    <name xml:lang="es">Iridio</name>
    <name xml:lang="ru">Иридий</name>
    <name xml:lang="zh_CN">铱</name>
    <class>5</class>
    <weight>192.217(2)</weight>
    <boiling>4403</boiling>
    <melting>2719</melting>
    <density>22.56</density>
    <x_pos>9</x_pos>
    <y_pos>6</y_pos>
  </object>
  <object symbol="Pt" number="78">
    <name>Platinum</name>
    <name xml:lang="es">Platino</name>
    <name xml:lang="fr">Platine</name>
    <name xml:lang="nl">Platina</name>
    <name xml:lang="ru">Платина</name>
    <name xml:lang="sv">Platina</name>
    <name xml:lang="zh_CN">铂</name>
    <class>5</class>
    <weight>195.084(9)</weight>
    <boiling>4098</boiling>
    <melting>2041.4</melting>
    <density>21.45</density>
    <x_pos>10</x_pos>
    <y_pos>6</y_pos>
  </object>
  <object symbol="Au" number="79">
    <name>Gold</name>
    <name xml:lang="es">Oro</name>
    <name xml:lang="fr">Or</name>
    <name xml:lang="nl">Goud</name>
    <name xml:lang="ru">Золото</name>
    <name xml:lang="sv">Guld</name>
    <name xml:lang="zh_CN">金</name>
    <class>5</class>
    <weight>196.966570(4)</weight>
    <boiling>3243</boiling>
    <melting>1337.33</melting>
    <density>19.30</density>
    <x_pos>11</x_pos>
    <y_pos>6</y_pos>
  </object>
  <object symbol="Hg" number="80">
    
    <name>!elements!Mercury</name>
    <name xml:lang="es">Mercurio</name>
    <name xml:lang="fr">!elements!Mercure</name>
    <name xml:lang="nl">Kwik</name>
    <name xml:lang="ru">Ртуть</name>
    <name xml:lang="sv">Kvicksilver</name>
    <name xml:lang="zh_CN">汞</name>
    <class>5</class>
    <weight>200.592(3)</weight>
    <boiling>629.88</boiling>
    <melting>234.3210</melting>
    <density>13.534</density>
    <x_pos>12</x_pos>
    <y_pos>6</y_pos>
  </object>
  <object symbol="Tl" number="81">
    <name>Thallium</name>
    <name xml:lang="es">Talio</name>
    <name xml:lang="ru">Таллий</name>
    <name xml:lang="sv">Tallium</name>
    <name xml:lang="zh_CN">铊</name>
    <class>6</class>
    <weight>[204.382, 204.385]</weight>
    <boiling>1746</boiling>
    <melting>577</melting>
    <density>11.85</density>
    <x_pos>13</x_pos>
    <y_pos>6</y_pos>
  </object>
  <object symbol="Pb" number="82">
    <name>Lead</name>
    <name xml:lang="es">Plomo</name>
    <name xml:lang="fr">Plomb</name>
    <name xml:lang="nl">Lood</name>
    <name xml:lang="ru">Свинец</name>
    <name xml:lang="sv">Bly</name>
    <name xml:lang="zh_CN">铅</name>
    <class>6</class>
    <weight>207.2(1)</weight>
    <boiling>2022</boiling>
    <melting>600.61</melting>
    <density>11.34</density>
    <x_pos>14</x_pos>
    <y_pos>6</y_pos>
  </object>
  <object symbol="Bi" number="83">
    <name>Bismuth</name>
    <name xml:lang="es">Bismuto</name>
    <name xml:lang="nl">Bismut</name>
    <name xml:lang="ru">Висмут</name>
    <name xml:lang="sv">Vismut</name>
    <name xml:lang="zh_CN">铋</name>
    <class>6</class>
    <weight>208.98040(1)</weight>
    <boiling>1837</boiling>
    <melting>544.7</melting>
    <density>9.78</density>
    <x_pos>15</x_pos>
    <y_pos>6</y_pos>
  </object>
  <object symbol="Po" number="84">
    <name>Polonium</name>
    <name xml:lang="es">Polonio</name>
    <name xml:lang="ru">Полоний</name>
    <name xml:lang="zh_CN">钋</name>
    <class>6</class>
    <weight>209</weight>
    <boiling>1235</boiling>
    <melting>527</melting>
    <density>9.196</density>
    <x_pos>16</x_pos>
    <y_pos>6</y_pos>
  </object>
  <object symbol="At" number="85">
    <name>Astatine</name>
    <name xml:lang="es">Astato</name>
    <name xml:lang="fr">Astate</name>
    <name xml:lang="ru">Астат</name>
    <name xml:lang="sv">Astat</name>
    <name xml:lang="zh_CN">砹</name>
    <class>7</class>
    <weight>210</weight>
    <boiling>610</boiling>
    <melting>575</melting>
    <density>6.35+/-0.15</density>
    <x_pos>17</x_pos>
    <y_pos>6</y_pos>
  </object>
  <object symbol="Rn" number="86">
    <name>Radon</name>
    <name xml:lang="es">Radón</name>
    <name xml:lang="ru">Радон</name>
    <name xml:lang="zh_CN">氡</name>
    <class>10</class>
    <weight>222</weight>
    <boiling>211.5</boiling>
    <melting>202</melting>
    <density>0.00973</density>
    <x_pos>18</x_pos>
    <y_pos>6</y_pos>
  </object>
  <object symbol="Fr" number="87">
    <name>Francium</name>
    <name xml:lang="es">Francio</name>
    <name xml:lang="ru">Франций</name>
    <name xml:lang="zh_CN">钫</name>
    <class>1</class>
    <weight>223</weight>
    <boiling>950</boiling>
    <melting>300</melting>
    <density>2.9+/-0.1</density>
    <x_pos>1</x_pos>
    <y_pos>7</y_pos>
  </object>
  <object symbol="Ra" number="88">
    <name>Radium</name>
    <name xml:lang="es">Radio</name>
    <name xml:lang="ru">Радий</name>
    <name xml:lang="zh_CN">镭</name>
    <class>2</class>
    <weight>226</weight>
    <boiling>2010</boiling>
    <melting>973</melting>
    <density>5.5</density>
    <x_pos>2</x_pos>
    <y_pos>7</y_pos>
  </object>
  <object symbol="Ac" number="89">
    <name>Actinium</name>
    <name xml:lang="es">Actinio</name>
    <name xml:lang="ru">Актиний</name>
    <name xml:lang="sv">Aktinium</name>
    <name xml:lang="zh_CN">锕</name>
    <class>4</class>
    <weight>227</weight>
    <boiling>3500+/-300</boiling>
    <melting>1500</melting>
    <density>10</density>
    <x_pos>3</x_pos>
    <y_pos>10</y_pos>
  </object>
  <object symbol="Th" number="90">
    <name>Thorium</name>
    <name xml:lang="es">Torio</name>
    <name xml:lang="ru">Торий</name>
    <name xml:lang="sv">Torium</name>
    <name xml:lang="zh_CN">钍</name>
    <class>4</class>
    <weight>232.0377(4)</weight>
    <boiling>5061</boiling>
    <melting>2023</melting>
    <density>11.7</density>
    <x_pos>4</x_pos>
    <y_pos>10</y_pos>
  </object>
  <object symbol="Pa" number="91">
    <name>Protactinium</name>
    <name xml:lang="es">Protactinio</name>
    <name xml:lang="ru">Протактиний</name>
    <name xml:lang="sv">Protaktinium</name>
    <name xml:lang="zh_CN">镤</name>
    <class>4</class>
    <weight>231.03588(1)</weight>
    <boiling>4300</boiling>
    <melting>1841</melting>
    <density>15.37</density>
    <x_pos>5</x_pos>
    <y_pos>10</y_pos>
  </object>
  <object symbol="U" number="92">
    <name>Uranium</name>
    <name xml:lang="es">Uranio</name>
    <name xml:lang="nl">Uraan</name>
    <name xml:lang="ru">Уран</name>
    <name xml:lang="sv">Uran</name>
    <name xml:lang="zh_CN">铀</name>
    <class>4</class>
    <weight>238.02891(3)</weight>
    <boiling>4404</boiling>
    <melting>1405.3</melting>
    <density>19.1</density>
    <x_pos>6</x_pos>
    <y_pos>10</y_pos>
  </object>
  <object symbol="Np" number="93">
    <name>Neptunium</name>
    <name xml:lang="es">Neptunio</name>
    <name xml:lang="ru">Нептуний</name>
    <name xml:lang="zh_CN">镎</name>
    <class>4</class>
    <weight>237</weight>
    <boiling>4447</boiling>
    <melting>912+/-3</melting>
    <density>20.45</density>
    <x_pos>7</x_pos>
    <y_pos>10</y_pos>
  </object>
  <object symbol="Pu" number="94">
    <name>Plutonium</name>
    <name xml:lang="es">Plutonio</name>
    <name xml:lang="ru">Плутоний</name>
    <name xml:lang="zh_CN">钚</name>
    <class>4</class>
    <weight>244</weight>
    <boiling>3505</boiling>
    <melting>912.5</melting>
    <density>19.816</density>
    <x_pos>8</x_pos>
    <y_pos>10</y_pos>
  </object>
  <object symbol="Am" number="95">
    <name>Americium</name>
    <name xml:lang="es">Americio</name>
    <name xml:lang="fr">Américium</name>
    <name xml:lang="ru">Америций</name>
    <name xml:lang="zh_CN">镅</name>
    <class>4</class>
    <weight>243</weight>
    <boiling>2880</boiling>
    <melting>1449</melting>
    <density>12</density>
    <x_pos>9</x_pos>
    <y_pos>10</y_pos>
  </object>
  <object symbol="Cm" number="96">
    <name>Curium</name>
    <name xml:lang="es">Curio</name>
    <name xml:lang="ru">Кюрий</name>
    <name xml:lang="zh_CN">锔</name>
    <class>4</class>
    <weight>247</weight>
    <boiling>3383</boiling>
    <melting>1613</melting>
    <density>13.51</density>
    <x_pos>10</x_pos>
    <y_pos>10</y_pos>
  </object>
  <object symbol="Bk" number="97">
    <name>Berkelium</name>
    <name xml:lang="es">Berkelio</name>
    <name xml:lang="fr">Berkélium</name>
    <name xml:lang="ru">Берклий</name>
    <name xml:lang="zh_CN">锫</name>
    <class>4</class>
    <weight>247</weight>
    <boiling>2900</boiling>
    <melting>1259</melting>
    <density>14.78</density>
    <x_pos>11</x_pos>
    <y_pos>10</y_pos>
  </object>
  <object symbol="Cf" number="98">
    <name>Californium</name>
    <name xml:lang="es">Californio</name>
    <name xml:lang="ru">Калифорний</name>
    <name xml:lang="zh_CN">锎</name>
    <class>4</class>
    <weight>251</weight>
    <boiling>1743</boiling>
    <melting>1173</melting>
    <density>15.1</density>
    <x_pos>12</x_pos>
    <y_pos>10</y_pos>
  </object>
  <object symbol="Es" number="99">
    <name>Einsteinium</name>
    <name xml:lang="es">Einstenio</name>
    <name xml:lang="ru">Эйнштейний</name>
    <name xml:lang="zh_CN">锿</name>
    <class>4</class>
    <weight>252</weight>
    <boiling>1269</boiling>
    <melting>1133</melting>
    <density>8.84</density>
    <x_pos>13</x_pos>
    <y_pos>10</y_pos>
  </object>
  <object symbol="Fm" number="100">
    <name>Fermium</name>
    <name xml:lang="es">Fermio</name>
    <name xml:lang="ru">Фермий</name>
    <name xml:lang="zh_CN">镄</name>
    <class>4</class>
    <weight>257</weight>
    <melting>1800</melting>
    <density>9.7(1)</density>
    <x_pos>14</x_pos>
    <y_pos>10</y_pos>
  </object>
  <object symbol="Md" number="101">
    <name>Mendelevium</name>
    <name xml:lang="es">Mendelevio</name>
    <name xml:lang="ru">Менделевий</name>
    <name xml:lang="zh_CN">钔</name>
    <class>4</class>
    <weight>258</weight>
    <melting>1100</melting>
    <density>10.3(7)</density>
    <x_pos>15</x_pos>
    <y_pos>10</y_pos>
  </object>
  <object symbol="No" number="102">
    <name>Nobelium</name>
    <name xml:lang="es">Nobelio</name>
    <name xml:lang="fr">Nobélium</name>
    <name xml:lang="ru">Нобелий</name>
    <name xml:lang="zh_CN">锘</name>
    <class>4</class>
    <weight>259</weight>
    <melting>1100</melting>
    <density>9.9(4)</density>
    <x_pos>16</x_pos>
    <y_pos>10</y_pos>
  </object>
  <object symbol="Lr" number="103">
    <name>Lawrencium</name>
    <name xml:lang="es">Laurencio</name>
    <name xml:lang="ru">Лоуренсий</name>
    <name xml:lang="zh_CN">铹</name>
    <class>4</class>
    <weight>266</weight>
    <melting>1900</melting>
    <density>16.1+/-0.5</density>
    <x_pos>3</x_pos>
    <y_pos>7</y_pos>
  </object>
  <object symbol="Rf" number="104">
    <name>Rutherfordium</name>
    <name xml:lang="es">Rutherfordio</name>
    <name xml:lang="ru">Резерфордий</name>
    <name xml:lang="zh_CN">𬬻</name>
    <class>5</class>
    <weight>267</weight>
    <boiling>5800</boiling>
    <melting>2400</melting>
    <density>23.2</density>
    <x_pos>4</x_pos>
    <y_pos>7</y_pos>
  </object>
  <object symbol="Db" number="105">
    <name>Dubnium</name>
    <name xml:lang="es">Dubnio</name>
    <name xml:lang="ru">Дубний</name>
    <name xml:lang="zh_CN">𬭊</name>
    <class>5</class>
    <weight>268</weight>
    <density>29.3</density>
    <x_pos>5</x_pos>
    <y_pos>7</y_pos>
  </object>
  <object symbol="Sg" number="106">
    <name>Seaborgium</name>
    <name xml:lang="es">Seaborgio</name>
    <name xml:lang="ru">Сиборгий</name>
    <name xml:lang="zh_CN">𬭳</name>
    <class>5</class>
    <weight>269</weight>
    <density>35.0</density>
    <x_pos>6</x_pos>
    <y_pos>7</y_pos>
  </object>
  <object symbol="Bh" number="107">
    <name>Bohrium</name>
    <name xml:lang="es">Bohrio</name>
    <name xml:lang="ru">Борий</name>
    <name xml:lang="zh_CN">𬭛</name>
    <class>5</class>
    <weight>270</weight>
    <density>37.1</density>
    <x_pos>7</x_pos>
    <y_pos>7</y_pos>
  </object>
  <object symbol="Hs" number="108">
    <name>Hassium</name>
    <name xml:lang="es">Hassio</name>
    <name xml:lang="ru">Хассий</name>
    <name xml:lang="zh_CN">𬭶</name>
    <class>5</class>
    <weight>269</weight>
    <density>41</density>
    <x_pos>8</x_pos>
    <y_pos>7</y_pos>
  </object>
  <object symbol="Mt" number="109">
    <name>Meitnerium</name>
    <name xml:lang="es">Meitnerio</name>
    <name xml:lang="fr">Meitnérium</name>
    <name xml:lang="ru">Мейтнерий</name>
    <name xml:lang="zh_CN">鿏</name>
    <class>11</class>
    <weight>278</weight>
    <density>37.4</density>
    <x_pos>9</x_pos>
    <y_pos>7</y_pos>
  </object>
  <object symbol="Ds" number="110">
    <name>Darmstadtium</name>
    <name xml:lang="es">Darmstadtio</name>
    <name xml:lang="ru">Дармштадтий</name>
    <name xml:lang="zh_CN">𫟼</name>
    <class>11</class>
    <weight>281</weight>
    <density>34.8</density>
    <x_pos>10</x_pos>
    <y_pos>7</y_pos>
  </object>
  <object symbol="Rg" number="111">
    <name>Roentgenium</name>
    <name xml:lang="es">Roentgenio</name>
    <name xml:lang="ru">Рентгений</name>
    <name xml:lang="zh_CN">𬬭</name>
    <class>11</class>
    <weight>282</weight>
    <density>28.7</density>
    <x_pos>11</x_pos>
    <y_pos>7</y_pos>
  </object>
  <object symbol="Cn" number="112">
    <name>Copernicium</name>
    <name xml:lang="es">Copernicio</name>
    <name xml:lang="ru">Коперниций</name>
    <name xml:lang="zh_CN">鿔</name>
    <class>5</class>
    <weight>285</weight>
    <x_pos>12</x_pos>
    <y_pos>7</y_pos>
  </object>
  <object symbol="Nh" number="113">
    <name>Nihonium</name>
    <name xml:lang="es">Nihonio</name>
    <name xml:lang="ru">Нихоний</name>
    <name xml:lang="zh_CN">鿭</name>
    <class>11</class>
    <weight>286</weight>
    <boiling>1430</boiling>
    <melting>700</melting>
    <density>16</density>
    <x_pos>13</x_pos>
    <y_pos>7</y_pos>
  </object>
  <object symbol="Fl" number="114">
    <name>Flerovium</name>
    <name xml:lang="es">Flerovio</name>
    <name xml:lang="fr">Flérovium</name>
    <name xml:lang="ru">Флеровий</name>
    <name xml:lang="zh_CN">𫓧</name>
    <class>11</class>
    <boiling>210</boiling>
    <weight>289</weight>
    <x_pos>14</x_pos>
    <y_pos>7</y_pos>
  </object>
  <object symbol="Mc" number="115">
    <name>Moscovium</name>
    <name xml:lang="es">Moscovio</name>
    <name xml:lang="ru">Московий</name>
    <name xml:lang="zh_CN">镆</name>
    <class>11</class>
    <weight>290</weight>
    <boiling>1400</boiling>
    <melting>670</melting>
    <density>13.5</density>
    <x_pos>15</x_pos>
    <y_pos>7</y_pos>
  </object>
  <object symbol="Lv" number="116">
    <name>Livermorium</name>
    <name xml:lang="es">Livermorio</name>
    <name xml:lang="ru">Ливерморий</name>
    <name xml:lang="zh_CN">𫟷</name>
    <class>11</class>
    <weight>293</weight>
    <boiling>1085+/-50</boiling>
    <melting>708.5+/-71.5</melting>
    <density>12.9</density>
    <x_pos>16</x_pos>
    <y_pos>7</y_pos>
  </object>
  <object symbol="Ts" number="117">
    <name>Tennessine</name>
    <name xml:lang="es">Teneso</name>
    <name xml:lang="ru">Теннессин</name>
    <name xml:lang="zh_CN">鿬</name>
    <class>11</class>
    <weight>294</weight>
    <boiling>883</boiling>
    <melting>723+/-100</melting>
    <density>7.2+/-0.1</density>
    <x_pos>17</x_pos>
    <y_pos>7</y_pos>
  </object>
  <object symbol="Og" number="118">
    <name>Oganesson</name>
    <name xml:lang="es">Oganesón</name>
    <name xml:lang="ru">Оганесон</name>
    <name xml:lang="zh_CN">鿫</name>
    <class>11</class>
    <weight>294</weight>
    <boiling>350+/-30</boiling>
    <x_pos>18</x_pos>
    <y_pos>7</y_pos>
  </object>
</QALCULATE>