<?xml version="1.0" encoding="UTF-8"?>
<gesmes:Envelope xmlns:gesmes="http://www.gesmes.org/xml/2002-08-01" xmlns="http://www.ecb.int/vocabulary/2002-08-01/eurofxref">
	<gesmes:subject>Reference rates</gesmes:subject>
	<gesmes:Sender>
		<gesmes:name>European Central Bank</gesmes:name>
	</gesmes:Sender>
	<Cube>
		<Cube time='2023-06-26'>
			<Cube currency='USD' rate='1.0918'/>
			<Cube currency='JPY' rate='156.41'/>
			<Cube currency='BGN' rate='1.9558'/>
			<Cube currency='CZK' rate='23.649'/>
			<Cube currency='DKK' rate='7.4458'/>
			<Cube currency='GBP' rate='0.85878'/>
			<Cube currency='HUF' rate='369.10'/>
			<Cube currency='PLN' rate='4.4363'/>
			<Cube currency='RON' rate='4.9561'/>
			<Cube currency='SEK' rate='11.6825'/>
			<Cube currency='CHF' rate='0.9737'/>
			<Cube currency='ISK' rate='148.90'/>
			<Cube currency='NOK' rate='11.7080'/>
			<Cube currency='TRY' rate='28.2813'/>
			<Cube currency='AUD' rate='1.6346'/>
			<Cube currency='BRL' rate='5.2177'/>
			<Cube currency='CAD' rate='1.4354'/>
			<Cube currency='CNY' rate='7.8972'/>
			<Cube currency='HKD' rate='8.5481'/>
			<Cube currency='IDR' rate='16438.22'/>
			<Cube currency='ILS' rate='3.9565'/>
			<Cube currency='INR' rate='89.5565'/>
			<Cube currency='KRW' rate='1425.57'/>
			<Cube currency='MXN' rate='18.6863'/>
			<Cube currency='MYR' rate='5.1025'/>
			<Cube currency='NZD' rate='1.7690'/>
			<Cube currency='PHP' rate='60.863'/>
			<Cube currency='SGD' rate='1.4765'/>
			<Cube currency='THB' rate='38.399'/>
			<Cube currency='ZAR' rate='20.3145'/>
		</Cube>
	</Cube>
</gesmes:Envelope>